{
  "results": [
    {
      "dataset_size": "small",
      "num_files": 10,
      "total_tokens": 22000,
      "unique_words": 2010,
      "word_freq_time": 0.24570274353027344,
      "tfidf_time": 0.0068874359130859375,
      "total_time": 0.2525901794433594,
      "throughput": 87097.60628256437,
      "avg_tokens_per_file": 2200.0
    },
    {
      "dataset_size": "medium",
      "num_files": 100,
      "total_tokens": 300000,
      "unique_words": 100006,
      "word_freq_time": 2.1778769493103027,
      "tfidf_time": 0.30381035804748535,
      "total_time": 2.481687307357788,
      "throughput": 120885.49557011077,
      "avg_tokens_per_file": 3000.0
    },
    {
      "dataset_size": "large",
      "num_files": 500,
      "total_tokens": 1250000,
      "unique_words": 249964,
      "word_freq_time": 9.289246797561646,
      "tfidf_time": 0.9974098205566406,
      "total_time": 10.286656618118286,
      "throughput": 121516.64495131749,
      "avg_tokens_per_file": 2500.0
    }
  ]
}