{
  "results": [
    {
      "dataset_size": "small",
      "num_files": 10,
      "total_tokens": 22000,
      "unique_words": 2010,
      "word_freq_time": 0.07739472389221191,
      "tfidf_time": 0.0058476924896240234,
      "total_time": 0.08324241638183594,
      "throughput": 264288.3394817038,
      "avg_tokens_per_file": 2200.0
    },
    {
      "dataset_size": "medium",
      "num_files": 100,
      "total_tokens": 300000,
      "unique_words": 100006,
      "word_freq_time": 0.9626929759979248,
      "tfidf_time": 0.20356988906860352,
      "total_time": 1.1662628650665283,
      "throughput": 257231.88912723103,
      "avg_tokens_per_file": 3000.0
    },
    {
      "dataset_size": "large",
      "num_files": 700,
      "total_tokens": 3500000,
      "unique_words": 2096446,
      "word_freq_time": 12.868916273117065,
      "tfidf_time": 5.009350538253784,
      "total_time": 17.87826681137085,
      "throughput": 195768.41742701517,
      "avg_tokens_per_file": 5000.0
    }
  ]
}